Classi di reddito complessivo in euro;Codice;Numero contribuenti;Reddito complessivo - Frequenza;Reddito complessivo - Ammontare;Reddito complessivo - Media;Reddito complessivo al netto della cedolare secca - Frequenza;Reddito complessivo al netto della cedolare secca - Ammontare;Reddito complessivo al netto della cedolare secca - Media;Deduzione per abitazione principale - Frequenza;Deduzione per abitazione principale - Ammontare;Deduzione per abitazione principale - Media;Oneri deducibili - Frequenza;Oneri deducibili - Ammontare;Oneri deducibili - Media;Reddito imponibile - Frequenza;Reddito imponibile - Ammontare;Reddito imponibile - Media;Imposta lorda - Frequenza;Imposta lorda - Ammontare;Imposta lorda - Media;Detrazioni d'imposta - Frequenza;Detrazioni d'imposta - Ammontare;Detrazioni d'imposta - Media;Imposta netta - Frequenza;Imposta netta - Ammontare;Imposta netta - Media;Crediti d'imposta e ritenute - Frequenza;Crediti d'imposta e ritenute - Ammontare;Crediti d'imposta e ritenute - Media;Differenza - Frequenza;Differenza - Ammontare;Differenza - Media;Eccedenza d'imposta risultante dalla precedente dichiarazione - Frequenza;Eccedenza d'imposta risultante dalla precedente dichiarazione - Ammontare;Eccedenza d'imposta risultante dalla precedente dichiarazione - Media;Acconti versati - Frequenza;Acconti versati - Ammontare;Acconti versati - Media;Irpef a credito - Frequenza;Irpef a credito - Ammontare;Irpef a credito - Media;Irpef a debito - Frequenza;Irpef a debito - Ammontare;Irpef a debito - Media;
da 0 a 1.000;0-1000;2.350.042;2.350.042;991.408;0,42;2.342.704;980.993;0,42;653.511;241.622;0,37;105.582;300.730;2,85;1.942.111;721.943;0,37;1.672.655;155.769;0,09;1.316.122;1.076.877;0,82;765.534;44.947;0,06;746.610;64.182;0,09;233.231;-19.221; -0,08;102.768;89.153;0,87;63.453;32.374;0,51;216.892;145.147;0,67;99.978;5.321;0,05;
da 1.000 a 1.500;1000-1500;606.558;606.558;753.107;1,24;601.205;737.124;1,23;113.829;73.344;0,64;32.549;90.528;2,78;556.914;640.864;1,15;544.942;142.256;0,26;482.794;473.756;0,98;203.261;33.750;0,17;217.181;42.768;0,20;118.054;-9.012; -0,08;28.208;23.993;0,85;31.170;13.534;0,43;89.818;48.967;0,55;39.567;4.135;0,10;
da 1.500 a 2.000;1500-2000;507.765;507.765;887.646;1,75;502.166;862.503;1,72;80.531;46.732;0,58;27.996;78.907;2,82;474.785;784.635;1,65;461.427;173.568;0,38;425.728;455.990;1,07;158.738;36.845;0,23;194.000;49.525;0,26;107.072;-12.673; -0,12;24.006;20.759;0,86;26.681;13.182;0,49;87.778;48.256;0,55;29.902;4.472;0,15;
da 2.000 a 2.500;2000-2500;466.449;466.449;1.051.872;2,26;458.952;1.011.882;2,20;73.305;37.938;0,52;27.007;75.082;2,78;436.139;934.344;2,14;424.550;207.700;0,49;399.644;462.337;1,16;136.400;40.091;0,29;184.345;57.512;0,31;111.705;-17.414; -0,16;23.043;19.466;0,84;25.958;14.156;0,55;93.627;52.183;0,56;28.845;5.307;0,18;
da 2.500 a 3.000;2500-3000;437.705;437.705;1.203.420;2,75;430.234;1.153.729;2,68;74.290;35.292;0,48;28.479;78.745;2,77;409.333;1.068.981;2,61;396.570;236.972;0,60;383.895;472.887;1,23;114.928;40.722;0,35;173.595;63.594;0,37;116.107;-22.853; -0,20;23.128;19.355;0,84;25.761;15.651;0,61;99.345;57.823;0,58;28.943;5.965;0,21;
da 3.000 a 3.500;3000-3500;387.175;387.175;1.257.525;3,25;383.162;1.215.157;3,17;67.319;31.227;0,46;29.898;83.204;2,78;364.646;1.124.515;3,08;352.045;248.806;0,71;351.502;460.736;1,31;98.637;38.381;0,39;157.892;63.977;0,41;107.584;-25.583; -0,24;21.828;17.415;0,80;22.836;15.218;0,67;96.653;56.870;0,59;24.451;5.223;0,21;
da 3.500 a 4.000;3500-4000;386.519;386.519;1.450.018;3,75;380.869;1.397.711;3,67;65.893;30.172;0,46;30.618;84.087;2,75;367.218;1.300.455;3,54;354.640;287.982;0,81;353.407;488.069;1,38;92.631;40.954;0,44;155.438;71.083;0,46;111.112;-30.113; -0,27;22.559;18.170;0,81;22.663;16.293;0,72;100.201;62.479;0,62;24.791;5.730;0,23;
da 4.000 a 5.000;4000-5000;779.400;779.400;3.515.754;4,51;768.135;3.393.699;4,42;135.289;59.565;0,44;66.859;182.126;2,72;753.090;3.176.821;4,22;725.621;701.006;0,97;716.357;1.047.326;1,46;189.437;93.826;0,50;331.001;178.387;0,54;247.668;-84.500; -0,34;49.270;40.734;0,83;46.627;36.106;0,77;222.665;154.290;0,69;54.939;13.414;0,24;
da 5.000 a 6.000;5000-6000;776.090;776.090;4.274.598;5,51;764.768;4.131.902;5,40;147.773;64.200;0,43;72.125;200.580;2,78;754.709;3.887.571;5,15;717.676;847.635;1,18;730.632;1.168.396;1,60;172.996;93.909;0,54;309.287;182.402;0,59;255.408;-88.410; -0,35;50.000;40.784;0,82;50.330;42.119;0,84;223.229;160.563;0,72;62.764;16.880;0,27;
da 6.000 a 7.500;6000-7500;2.542.992;2.542.992;17.084.698;6,72;2.533.930;16.895.388;6,67;525.782;192.281;0,37;126.801;343.024;2,71;2.523.178;16.382.625;6,49;2.075.607;3.089.283;1,49;2.485.060;4.615.352;1,86;420.684;180.807;0,43;585.154;340.238;0,58;452.337;-159.240; -0,35;84.388;70.393;0,83;81.125;68.601;0,85;452.850;355.598;0,79;72.023;24.646;0,34;
da 7.500 a 10.000;7500-10000;2.763.107;2.763.107;24.186.035;8,75;2.754.858;23.881.845;8,67;797.161;333.433;0,42;274.578;720.677;2,62;2.743.784;22.856.246;8,33;2.699.931;5.184.930;1,92;2.717.773;5.265.027;1,94;1.565.544;718.774;0,46;1.832.073;997.741;0,54;1.286.946;-278.449; -0,22;167.438;128.211;0,77;230.785;152.877;0,66;1.193.597;810.863;0,68;213.534;59.518;0,28;
da 10.000 a 12.000;10000-12000;2.351.795;2.351.795;25.835.900;10,99;2.348.334;25.578.549;10,89;831.445;348.553;0,42;283.479;726.229;2,56;2.342.198;24.523.124;10,47;2.336.105;5.630.562;2,41;2.329.246;4.593.570;1,97;1.841.388;1.438.268;0,78;1.981.528;1.760.639;0,89;1.465.836;-321.920; -0,22;145.907;116.517;0,80;277.085;185.451;0,67;1.235.919;827.158;0,67;267.214;70.794;0,26;
da 12.000 a 15.000;12000-15000;3.249.667;3.249.667;43.910.155;13,51;3.247.403;43.488.610;13,39;1.293.846;567.458;0,44;467.239;1.252.302;2,68;3.241.284;41.690.628;12,86;3.236.832;9.581.783;2,96;3.227.512;6.285.164;1,95;2.828.122;3.647.199;1,29;2.875.832;4.169.709;1,45;2.263.606;-521.712; -0,23;206.846;181.525;0,88;433.505;364.081;0,84;1.868.410;1.347.850;0,72;422.339;151.486;0,36;
da 15.000 a 20.000;15000-20000;5.805.616;5.805.616;102.081.622;17,58;5.803.883;101.240.430;17,44;2.561.756;1.129.763;0,44;901.996;2.385.969;2,65;5.798.515;97.744.737;16,86;5.796.399;22.976.021;3,96;5.780.857;10.993.335;1,90;5.504.020;12.255.528;2,23;5.457.827;13.378.911;2,45;4.320.537; -1.122.131; -0,26;308.750;299.156;0,97;709.628;731.242;1,03;3.561.387;2.597.989;0,73;760.659;351.612;0,46;
da 20.000 a 26.000;20000-26000;6.377.355;6.377.355;145.326.660;22,79;6.376.523;144.044.731;22,59;3.316.886;1.527.472;0,46;1.167.766;2.912.822;2,49;6.374.062;139.615.926;21,90;6.373.279;33.885.515;5,32;6.360.041;12.384.828;1,95;6.248.966;21.652.981;3,47;6.167.542;23.421.746;3,80;5.222.011; -1.767.810; -0,34;302.352;335.189;1,11;732.386;936.835;1,28;4.405.410;3.605.185;0,82;812.097;510.719;0,63;
da 26.000 a 29.000;26000-29000;2.267.103;2.267.103;62.206.672;27,44;2.266.883;61.491.634;27,13;1.336.462;656.264;0,49;493.915;1.289.686;2,61;2.266.295;59.548.593;26,28;2.266.112;14.737.849;6,50;2.261.186;4.237.724;1,87;2.239.997;10.532.572;4,70;2.200.401;11.223.180;5,10;1.960.975;-690.227; -0,35;108.526;136.090;1,25;292.365;454.844;1,56;1.617.744;1.457.834;0,90;339.052;300.923;0,89;
da 29.000 a 35.000;29000-35000;3.077.144;3.077.144;97.563.397;31,71;3.076.879;96.090.461;31,23;1.972.483;1.039.618;0,53;774.219;2.245.517;2,90;3.076.171;92.809.851;30,17;3.075.956;24.140.028;7,85;3.068.987;5.594.185;1,82;3.053.188;18.579.770;6,09;2.985.866;19.453.130;6,52;2.747.173;-872.915; -0,32;164.104;228.902;1,39;471.442;885.682;1,88;2.268.830;2.390.622;1,05;469.907;498.530;1,06;
da 35.000 a 40.000;35000-40000;1.438.937;1.438.937;53.653.382;37,29;1.438.804;52.540.125;36,52;970.100;555.612;0,57;433.810;1.479.030;3,41;1.438.460;50.507.932;35,11;1.438.353;13.943.459;9,69;1.434.177;2.501.701;1,74;1.430.599;11.454.835;8,01;1.389.025;11.654.830;8,39;1.321.109;-199.695; -0,15;92.359;148.043;1,60;274.062;683.031;2,49;1.072.008;1.352.884;1,26;243.946;354.664;1,45;
da 40.000 a 50.000;40000-50000;1.429.174;1.429.174;63.259.348;44,26;1.429.058;61.600.097;43,11;987.640;620.424;0,63;524.504;2.191.612;4,18;1.428.672;58.792.028;41,15;1.428.591;17.106.007;11,97;1.423.007;2.294.957;1,61;1.421.877;14.825.072;10,43;1.368.242;14.524.100;10,62;1.340.088;301.300;0,22;118.458;222.912;1,88;340.881;1.166.631;3,42;1.050.604;1.645.058;1,57;282.581;585.859;2,07;
da 50.000 a 55.000;50000-55000;386.146;386.146;20.223.069;52,37;386.116;19.624.149;50,82;267.683;183.533;0,69;168.171;842.174;5,01;386.006;18.600.122;48,19;385.973;5.648.981;14,64;383.936;553.615;1,44;384.284;5.099.150;13,27;366.938;4.818.749;13,13;366.418;280.462;0,77;40.875;89.880;2,20;110.409;494.343;4,48;276.901;539.512;1,95;87.170;243.293;2,79;
da 55.000 a 60.000;55000-60000;289.960;289.960;16.641.177;57,39;289.932;16.137.651;55,66;201.564;144.139;0,72;135.387;734.555;5,43;289.859;15.260.812;52,65;289.844;4.741.734;16,36;272.326;398.744;1,46;288.698;4.345.455;15,05;275.206;4.049.126;14,71;276.253;296.394;1,07;33.100;77.727;2,35;87.720;450.805;5,14;206.834;440.834;2,13;67.561;214.397;3,17;
da 60.000 a 70.000;60000-70000;418.276;418.276;27.052.227;64,68;418.245;26.259.471;62,78;292.649;217.996;0,74;213.788;1.231.349;5,76;418.133;24.811.814;59,34;418.117;7.963.120;19,05;393.062;595.662;1,52;416.724;7.370.975;17,69;397.596;6.819.571;17,15;400.514;551.488;1,38;51.752;130.337;2,52;131.093;784.379;5,98;300.589;717.396;2,39;97.001;362.088;3,73;
da 70.000 a 75.000;70000-75000;161.065;161.065;11.666.728;72,43;161.058;11.348.779;70,46;114.034;87.733;0,77;90.423;532.300;5,89;161.033;10.729.159;66,63;161.029;3.542.100;22,00;151.997;236.460;1,56;160.551;3.306.936;20,60;153.742;3.057.581;19,89;154.941;249.372;1,61;20.942;55.338;2,64;50.754;345.553;6,81;117.097;302.900;2,59;36.739;154.523;4,21;
da 75.000 a 80.000;75000-80000;134.511;134.511;10.413.089;77,41;134.504;10.128.343;75,30;95.598;75.783;0,79;79.277;489.916;6,18;134.473;9.563.149;71,12;134.467;3.206.473;23,85;127.180;201.689;1,59;134.132;3.005.517;22,41;128.481;2.755.934;21,45;129.897;249.605;1,92;18.244;49.861;2,73;44.601;327.842;7,35;96.999;268.201;2,76;31.953;142.671;4,47;
da 80.000 a 90.000;80000-90000;200.020;200.020;16.934.430;84,66;200.010;16.443.031;82,21;142.506;117.122;0,82;121.499;832.179;6,85;199.965;15.494.419;77,49;199.964;5.305.435;26,53;189.234;313.632;1,66;199.408;4.993.490;25,04;190.901;4.487.947;23,51;193.686;505.552;2,61;28.620;81.992;2,86;73.872;602.434;8,16;140.551;426.399;3,03;51.481;251.401;4,88;
da 90.000 a 100.000;90000-100000;136.279;136.279;12.904.514;94,69;136.269;12.516.546;91,85;96.930;83.131;0,86;85.856;668.677;7,79;136.245;11.764.905;86,35;136.244;4.128.546;30,30;128.608;225.980;1,76;135.928;3.903.647;28,72;129.810;3.397.230;26,17;132.267;506.478;3,83;21.010;68.948;3,28;56.812;536.581;9,44;91.786;313.978;3,42;39.156;217.639;5,56;
da 100.000 a 120.000;100000-120000;165.176;165.176;17.994.587;108,94;165.162;17.425.127;105,50;117.939;106.240;0,90;107.903;962.892;8,92;165.132;16.356.818;99,05;165.131;5.898.991;35,72;154.903;297.592;1,92;164.679;5.602.905;34,02;157.150;4.682.660;29,80;160.576;920.270;5,73;27.095;96.973;3,58;77.749;890.865;11,46;106.187;411.957;3,88;52.646;347.667;6,60;
da 120.000 a 150.000;120000-150000;123.173;123.173;16.390.292;133,07;123.166;15.875.196;128,89;86.960;83.043;0,95;82.315;836.120;10,16;123.151;14.956.780;121,45;123.148;5.581.290;45,32;115.149;252.215;2,19;122.842;5.330.100;43,39;116.583;4.239.654;36,37;119.836;1.090.439;9,10;20.779;92.083;4,43;62.737;976.879;15,57;75.567;350.836;4,64;42.831;374.721;8,75;
da 150.000 a 200.000;150000-200000;86.805;86.805;14.844.573;171,01;86.803;14.398.221;165,87;60.445;63.007;1,04;58.752;676.960;11,52;86.785;13.658.568;157,38;86.785;5.270.953;60,74;81.097;213.501;2,63;86.579;5.058.398;58,43;81.952;3.843.505;46,90;84.527;1.214.894;14,37;15.204;83.543;5,49;46.704;1.030.461;22,06;50.660;300.612;5,93;32.733;403.250;12,32;
da 200.000 a 300.000;200000-300000;53.997;53.997;12.890.393;238,72;53.995;12.520.334;231,88;36.799;42.190;1,15;37.900;515.621;13,60;53.987;11.962.876;221,59;53.985;4.764.174;88,25;50.277;165.610;3,29;53.857;4.599.307;85,40;50.847;3.252.025;63,96;52.634;1.347.282;25,60;10.200;75.529;7,40;31.886;1.075.219;33,72;28.793;237.695;8,26;23.051;435.471;18,89;
